https://www.cpp.edu/,99,
https://www.cpp.edu/privacy.shtml,19,
https://www.cpp.edu/safety/safer-return/index.shtml,64,
https://www.cpp.edu/safety/coronavirus/,48,
https://www.cpp.edu/#main,90,
https://www.cpp.edu/prospective-student-gateway/index.shtml,161,
https://www.cpp.edu/student-gateway/index.shtml,167,
https://www.cpp.edu/faculty-staff-gateway/index.shtml,136,
https://www.cpp.edu/family/index.shtml,50,
https://www.cpp.edu/~alumni/,86,
https://my.cpp.edu/,10,
https://www.cpp.edu/index.shtml,90,
https://my.cpp.edu/,10,
https://blackboard.cpp.edu/,23,
https://www.cpp.edu/~broncodirect/,22,
https://www.cpp.edu/~studentsuccess/,57,
https://outlook.office365.com/cpp.edu,10,
https://www.cpp.edu/~library/index.shtml,55,
https://apps.cpp.edu/bronco411/search/,24,
https://www.cpp.edu/~admissions/,82,
https://www.cpp.edu/~commencement,29,
https://www2.calstate.edu/apply,137,
http://polycentric.cpp.edu/2020/11/cal-poly-pomona-no-6-nationally-in-boosting-student-economic-mobility/,120,
https://www.cpp.edu/learndiscovery/students/ltd-fye-showcase.shtml,44,
https://mybar.cpp.edu/organization/nasc,16,
https://www.cpp.edu/#CPPCarousel,90,
https://www.cpp.edu/#CPPCarousel,90,
https://www.cpp.edu/safety/coronavirus/messages-to-the-community/updates-for-fall-and-spring-semesters.shtml,48,
http://polycentric.cpp.edu/2020/11/cal-poly-pomona-earns-spot-in-top-10-most-transformative-colleges-ranking/,108,
http://polycentric.cpp.edu/2020/11/w-k-kellogg-foundations-75000-gift-to-fund-horse-center-student-stipends-pasture-upkeep/,117,
http://polycentric.cpp.edu/2020/11/future-forward-event-opens-career-opportunities-for-student-veteran/,123,
https://polycentric.cpp.edu/,131,
http://polycentric.cpp.edu/2020/11/future-forward-event-opens-career-opportunities-for-student-veteran/,123,
https://www2.calstate.edu/apply,137,
https://www.cpp.edu/outreach/index.shtml,45,
https://www.cpp.edu/polyadvantage/index.shtml,49,
https://www.cpp.edu/inclusive-excellence/commitment-to-action/index.shtml,32,
https://www.cpp.edu/veterans/index.shtml,112,
https://www.cpp.edu/studentsuccess/,48,
https://www.cpp.edu/cafe/remote-teaching/,57,
https://www.cpp.edu/student-affairs/covid19.shtml,80,
https://www.cpp.edu/studentsuccess/virtual-advising-toolkit.shtml,131,
https://my.cpp.edu/,10,
https://www.cpp.edu/prospective-student-gateway/index.shtml,152,
https://www.cpp.edu/student-gateway/index.shtml,158,
https://www.cpp.edu/faculty-staff-gateway/index.shtml,127,
https://www.cpp.edu/alumni/,77,
https://www.facebook.com/calpolypomona,177,
https://twitter.com/calpolypomona,2,
http://portfolios.cpp.edu/,128,
https://www.linkedin.com/school/cal-poly-pomona/,0,
https://www.youtube.com/user/calpolypomona,99,
https://www.instagram.com/calpolypomona/,275,
https://www.cpp.edu/agri/,126,
https://www.cpp.edu/cba/,92,
https://www.cpp.edu/ceis/,93,
https://www.cpp.edu/engineering/,104,
https://www.cpp.edu/env/,97,
https://www.ceu.cpp.edu/,0,
https://www.cpp.edu/collins/,52,
https://www.cpp.edu/class/,106,
https://www.cpp.edu/sci,66,
http://www.cpp.edu/president/,81,
http://www.cpp.edu/academic-affairs/index.shtml,104,
http://www.cpp.edu/admin-affairs/index.shtml,49,
http://www.cpp.edu/student-affairs/index.shtml,129,
http://www.cpp.edu/it/index.shtml,59,
https://www.cpp.edu/giving/about-us.shtml,29,
https://www.cpp.edu/philanthropy/,39,
http://asi.cpp.edu/,96,
https://www.cpp.edu/annual-security-report.shtml,13,
https://www.cpp.edu/campus-safety-plan.shtml,17,
https://www.cpp.edu/em/,100,
https://www.cpp.edu/officeofequity/titleIX/index.shtml,66,
https://catalog.cpp.edu/,125,
https://www.cpp.edu/academic-manual,40,
https://www.cpp.edu/library/index.shtml,46,
https://apps.cpp.edu/bronco411/search/,24,
https://www.cpp.edu/events/,23,
https://cpp.service-now.com/ehelp?id=kb_article&sysparm_article=KB0001273,56,
https://www.cpp.edu/alpha-index/index.shtml,41,
https://cpp.service-now.com/ehelp,11,
https://outlook.office365.com/cpp.edu,10,
https://polycentric.cpp.edu/,131,
https://www.cpp.edu/stratcomm/for-the-media.shtml,89,
https://www.cpp.edu/broncodreamers/index.shtml,69,
https://broncoathletics.com/,122,
https://broncoathletics.com/calendar.aspx,131,
https://www.cpp.edu/admissions/,73,
https://www.cpp.edu/giving/index.shtml,41,
https://www.cpp.edu/jobs/index.shtml,91,
https://maps.cpp.edu/,0,
https://www.cpp.edu/contact.shtml,23,
https://www.cpp.edu/~aboutcpp/index.shtml,72,
https://www.cpp.edu/website-feedback.shtml,25,
https://www.cpp.edu/privacy.shtml,19,
https://www.cpp.edu/accessibility.shtml,21,
https://www.cpp.edu/file-viewers.shtml,17,
https://www2.calstate.edu/,154,
https://www.cpp.edu/privacy.shtml,19,
https://www.cpp.edu/safety/safer-return/index.shtml,55,
https://www.cpp.edu/safety/coronavirus/,48,
https://www.cpp.edu/index.shtml,90,
https://www.cpp.edu/privacy.shtml#main,19,
http://www.google.com/analytics/tos.html,59,
http://www.google.com/privacypolicy.html,236,
https://www.cpp.edu/,99,
https://www.cpp.edu/privacy.shtml,19,
https://www.cpp.edu/safety/safer-return/index.shtml,64,
https://www.cpp.edu/safety/coronavirus/,48,
https://www.cpp.edu/#main,90,
https://www.cpp.edu/prospective-student-gateway/index.shtml,161,
